,Date,Open,High,Low,Close,Adj Close,Volume
0,2018-03-28,9.8,11.26,9.62,11.24,11.24,23929600
1,2018-03-29,11.5,11.8,10.65,11.0,11.0,5863900
2,2018-04-02,11.05,11.5,10.91,11.0,11.0,2771000
3,2018-04-03,11.5,11.5,10.791,10.91,10.91,2509600
4,2018-04-04,10.75,11.08,10.55,10.97,10.97,1498200
5,2018-04-05,11.0,11.049,10.75,10.98,10.98,893300
6,2018-04-06,10.95,11.03,10.85,10.94,10.94,684700
7,2018-04-09,11.0,11.69,10.96,11.1,11.1,2648400
8,2018-04-10,11.45,11.59,11.25,11.5,11.5,2198200
9,2018-04-11,11.58,11.59,11.03,11.48,11.48,1497800
10,2018-04-12,11.53,11.76,11.35,11.62,11.62,2075200
11,2018-04-13,11.6,11.69,11.32,11.4,11.4,803800
12,2018-04-16,11.41,11.5,11.33,11.33,11.33,562000
13,2018-04-17,11.35,11.4,11.16,11.32,11.32,635100
14,2018-04-18,11.44,11.5,11.29,11.35,11.35,582400
15,2018-04-19,11.4,11.49,11.28,11.35,11.35,433000
16,2018-04-20,11.25,11.31,11.06,11.19,11.19,625700
17,2018-04-23,11.29,11.46,11.051,11.19,11.19,867800
18,2018-04-24,11.25,11.52,11.21,11.29,11.29,1223300
19,2018-04-25,11.19,11.29,10.82,10.9,10.9,1530200
20,2018-04-26,11.06,11.19,10.85,11.0,11.0,343100
21,2018-04-27,11.0,11.1,10.61,10.61,10.61,495000
22,2018-04-30,10.7,11.08,10.1,10.92,10.92,1090900
23,2018-05-01,10.84,11.04,10.41,10.58,10.58,581000
24,2018-05-02,10.52,10.636,10.21,10.26,10.26,558700
25,2018-05-03,10.19,10.459,10.0,10.08,10.08,844000
26,2018-05-04,10.18,10.28,9.86,9.99,9.99,954500
27,2018-05-07,10.01,10.14,9.86,10.0,10.0,877800
28,2018-05-08,10.05,10.49,9.95,10.27,10.27,733800
29,2018-05-09,10.41,10.73,10.28,10.65,10.65,1043500
30,2018-05-10,10.73,11.679,10.51,11.0,11.0,1653000
31,2018-05-11,11.06,12.19,11.06,11.46,11.46,3152500
32,2018-05-14,11.55,12.2,11.5,12.07,12.07,1946800
33,2018-05-15,12.07,12.42,11.52,12.16,12.16,1529300
34,2018-05-16,12.24,14.35,12.16,14.11,14.11,3113400
35,2018-05-17,13.83,14.87,13.03,13.55,13.55,4410200
36,2018-05-18,13.5,13.5,12.8,12.84,12.84,2469000
37,2018-05-21,12.94,13.18,12.67,12.75,12.75,3480100
38,2018-05-22,13.0,13.26,12.61,13.14,13.14,2364300
39,2018-05-23,13.07,13.38,12.3,12.44,12.44,6222900
40,2018-05-24,14.35,15.49,13.45,13.85,13.85,16603700
41,2018-05-25,13.86,14.44,13.85,14.24,14.24,3624500
42,2018-05-29,14.3,15.189,14.22,15.03,15.03,4145300
43,2018-05-30,15.2,16.884001,15.19,16.67,16.67,6639700
44,2018-05-31,17.129998999999998,17.709999,15.0,16.23,16.23,10142000
45,2018-06-01,16.51,17.200001,15.87,16.91,16.91,4287600
46,2018-06-04,17.4,18.155001000000002,16.25,16.43,16.43,5657600
47,2018-06-05,16.48,16.74,15.6,16.709999,16.709999,4193100
48,2018-06-06,16.940001000000002,16.959999,16.141001,16.57,16.57,2725700
49,2018-06-07,16.559998999999998,16.790001,16.049999,16.219998999999998,16.219998999999998,1983600
50,2018-06-08,16.1,19.35,15.85,18.950001,18.950001,10538300
51,2018-06-11,19.01,19.35,17.360001,18.42,18.42,11994900
52,2018-06-12,18.620001000000002,19.1,17.6,18.66,18.66,7313900
53,2018-06-13,18.780001000000002,20.24,18.5,20.07,20.07,10175900
54,2018-06-14,20.690001000000002,22.700001,19.6,20.5,20.5,19542000
55,2018-06-15,20.575001,21.35,18.82,19.65,19.65,14056800
56,2018-06-18,19.35,21.66,18.950001,21.280001000000002,21.280001000000002,10162500
57,2018-06-19,20.799999,21.25,19.08,19.18,19.18,10723700
58,2018-06-20,20.040001,20.290001,18.5,18.540001,18.540001,8227700
59,2018-06-21,18.5,18.540001,16.0,16.440001000000002,16.440001000000002,13195500
60,2018-06-22,16.52,16.879998999999998,15.38,16.65,16.65,8722300
61,2018-06-25,15.67,16.190001000000002,14.8,15.36,15.36,8813300
62,2018-06-26,15.95,16.530001000000002,15.51,15.85,15.85,7155400
63,2018-06-27,16.209999,16.299999,13.89,13.9,13.9,9576000
64,2018-06-28,13.5,14.9,13.31,14.5,14.5,7180500
65,2018-06-29,14.9,14.9,13.82,13.99,13.99,6025800
66,2018-07-02,13.24,13.64,12.97,13.36,13.36,7243900
67,2018-07-03,13.54,14.09,13.12,13.8,13.8,3656400
68,2018-07-05,14.0,14.1,12.88,12.9,12.9,6617300
69,2018-07-06,12.51,13.37,12.5,13.3,13.3,6019300
70,2018-07-09,13.66,14.08,13.285,13.85,13.85,9256500
71,2018-07-10,13.47,13.97,13.13,13.26,13.26,6777500
72,2018-07-11,12.96,13.53,12.76,12.78,12.78,7441200
73,2018-07-12,13.2,14.4,12.95,14.26,14.26,11804400
74,2018-07-13,14.5,14.69,13.5,13.8,13.8,9513200
75,2018-07-16,13.72,14.25,13.28,13.8,13.8,8538200
76,2018-07-17,13.42,14.15,13.1,13.69,13.69,6857100
77,2018-07-18,13.95,14.99,13.9,14.43,14.43,10267600
78,2018-07-19,14.43,15.08,13.8,13.92,13.92,10799300
79,2018-07-20,13.96,14.71,13.82,14.41,14.41,6371200
80,2018-07-23,14.41,14.7,13.636,14.18,14.18,4917200
81,2018-07-24,14.4,14.77,13.65,13.92,13.92,6209200
82,2018-07-25,13.77,13.95,13.13,13.36,13.36,9249400
83,2018-07-26,12.8,13.15,12.66,12.77,12.77,6985700
84,2018-07-27,13.1,13.1,12.0,12.13,12.13,6568300
85,2018-07-30,11.3,12.0,11.05,11.59,11.59,6687400
86,2018-07-31,11.5,12.25,11.35,11.71,11.71,3235500
87,2018-08-01,11.66,11.73,11.16,11.33,11.33,3789400
88,2018-08-02,11.0,11.52,10.7,11.51,11.51,6487900
89,2018-08-03,11.51,11.6,11.0,11.06,11.06,2901600
90,2018-08-06,11.12,11.74,11.113,11.27,11.27,3413000
91,2018-08-07,11.38,11.67,11.3,11.4,11.4,2804300
92,2018-08-08,11.49,11.679,11.24,11.39,11.39,1809400
93,2018-08-09,11.4,11.579,11.22,11.25,11.25,1839500
94,2018-08-10,11.25,11.37,11.02,11.14,11.14,2683600
95,2018-08-13,11.19,11.27,10.7,10.81,10.81,2273700
96,2018-08-14,10.57,10.69,10.26,10.66,10.66,5840400
97,2018-08-15,9.9,10.3,9.09,10.265,10.265,10742700
98,2018-08-16,10.51,10.94,10.5,10.56,10.56,5202100
99,2018-08-17,10.55,10.87,9.94,10.7,10.7,2922700
100,2018-08-20,11.25,11.44,10.5,11.3,11.3,5316300
101,2018-08-21,11.55,12.43,11.5,11.85,11.85,5490500
102,2018-08-22,11.75,11.82,10.96,11.01,11.01,4486300
103,2018-08-23,11.21,11.35,10.433,10.53,10.53,4609900
104,2018-08-24,10.58,10.99,10.41,10.91,10.91,3993900
105,2018-08-27,11.45,11.77,10.96,11.53,11.53,9487100
106,2018-08-28,12.85,13.75,12.64,13.08,13.08,19444300
107,2018-08-29,13.0,14.23,12.18,13.76,13.76,9428200
108,2018-08-30,13.4,13.7,12.25,13.14,13.14,8767700
109,2018-08-31,12.7,13.4,12.7,12.83,12.83,3801300
110,2018-09-04,12.75,12.86,12.04,12.5,12.5,3758800
111,2018-09-05,12.25,12.31,11.35,11.39,11.39,5320200
112,2018-09-06,11.59,11.66,11.11,11.4,11.4,2416400
113,2018-09-07,11.26,11.88,11.0,11.71,11.71,2973200
114,2018-09-10,11.73,11.94,11.31,11.31,11.31,2528300
115,2018-09-11,11.11,11.99,11.11,11.84,11.84,3510300
116,2018-09-12,12.0,13.68,11.89,13.03,13.03,9417300
117,2018-09-13,13.46,14.12,13.161,13.35,13.35,6425300
118,2018-09-14,13.29,13.66,12.91,13.52,13.52,3904800
119,2018-09-17,13.29,13.5,12.775,13.23,13.23,3328900
120,2018-09-18,13.4,14.07,13.13,13.76,13.76,3956200
121,2018-09-19,13.69,14.0,13.2,13.22,13.22,2756300
122,2018-09-20,13.49,13.69,12.97,13.44,13.44,2206200
123,2018-09-21,13.45,13.67,12.36,12.43,12.43,5074600
124,2018-09-24,11.7,12.231,11.28,12.0,12.0,5842200
125,2018-09-25,12.0,12.659,11.7,12.55,12.55,3393300
126,2018-09-26,12.49,13.42,12.45,12.87,12.87,4916700
127,2018-09-27,12.87,13.1,12.73,13.02,13.02,2278900
128,2018-09-28,12.9,13.69,12.89,13.48,13.48,4170800
129,2018-10-01,13.7,14.085,13.57,13.95,13.95,3226400
130,2018-10-02,13.4,13.7,12.84,13.31,13.31,4114300
131,2018-10-03,15.15,15.5,14.03,14.37,14.37,18033500
132,2018-10-04,14.14,14.44,12.885,13.55,13.55,6889500
133,2018-10-05,13.37,13.88,12.9,13.35,13.35,4572100
134,2018-10-08,12.72,13.74,12.65,13.63,13.63,3539400
135,2018-10-09,13.31,13.535,13.0,13.17,13.17,2463100
136,2018-10-10,13.26,13.26,12.1,12.42,12.42,3842200
137,2018-10-11,12.03,12.9,12.02,12.69,12.69,3187200
138,2018-10-12,13.37,13.85,13.28,13.71,13.71,4143800
139,2018-10-15,13.28,14.18,13.26,13.95,13.95,3159600
140,2018-10-16,14.0,14.29,13.258,13.46,13.46,4059800
141,2018-10-17,13.67,13.72,12.91,13.25,13.25,2130200
142,2018-10-18,12.91,13.1,12.49,12.61,12.61,3147800
143,2018-10-19,12.94,13.07,12.37,12.49,12.49,1924100
144,2018-10-22,13.0,13.07,12.75,13.05,13.05,3448800
145,2018-10-23,12.67,13.17,12.57,12.97,12.97,1836300
146,2018-10-24,12.89,12.94,11.87,11.99,11.99,3620900
147,2018-10-25,12.24,12.63,12.21,12.57,12.57,2778000
148,2018-10-26,12.25,13.26,12.15,13.17,13.17,2576700
149,2018-10-29,13.45,13.55,12.258,12.47,12.47,2044300
150,2018-10-30,12.58,13.4,12.31,13.1,13.1,2481200
151,2018-10-31,13.63,14.5,13.28,13.5,13.5,8966500
152,2018-11-01,13.85,15.16,13.03,14.19,14.19,12344900
153,2018-11-02,14.96,15.18,14.16,14.43,14.43,5443900
154,2018-11-05,14.4,14.78,14.25,14.36,14.36,1709300
155,2018-11-06,14.36,15.48,14.35,14.91,14.91,4477600
156,2018-11-07,15.39,15.44,14.81,15.15,15.15,2010600
157,2018-11-08,15.06,15.08,14.35,14.49,14.49,2149400
158,2018-11-09,14.06,14.06,13.32,13.4,13.4,2689400
159,2018-11-12,13.51,13.71,12.78,12.9,12.9,3235700
160,2018-11-13,13.33,13.93,13.1,13.77,13.77,2395300
161,2018-11-14,13.87,14.14,13.54,13.56,13.56,1710900
162,2018-11-15,13.86,14.79,13.792,14.47,14.47,3435800
163,2018-11-16,14.2,14.94,13.96,14.5,14.5,3597400
164,2018-11-19,14.4,14.42,13.02,13.025,13.025,5016800
165,2018-11-20,13.05,13.9,12.85,13.6,13.6,5870700
166,2018-11-21,13.79,16.129998999999998,13.75,15.14,15.14,19460700
167,2018-11-23,14.53,15.06,14.2,14.98,14.98,2797700
168,2018-11-26,15.15,15.36,14.64,14.94,14.94,2888400
169,2018-11-27,14.7,15.19,14.5,14.97,14.97,3099600
170,2018-11-28,15.2,16.17,15.03,16.139999,16.139999,5337900
171,2018-11-29,15.93,15.95,14.64,14.93,14.93,6587000
172,2018-11-30,15.15,15.74,14.9,15.61,15.61,5782600
173,2018-12-03,16.290001,16.74,15.32,15.42,15.42,5354700
174,2018-12-04,15.52,15.7,14.11,14.33,14.33,4901300
175,2018-12-06,14.03,14.73,13.9,14.68,14.68,4840400
176,2018-12-07,14.66,15.4,14.52,14.69,14.69,3614300
177,2018-12-10,14.59,15.089,14.59,14.71,14.71,3151300
178,2018-12-11,15.02,15.33,14.81,15.05,15.05,2029900
179,2018-12-12,15.3,15.64,15.17,15.29,15.29,3441400
180,2018-12-13,15.44,15.57,14.91,14.95,14.95,2628500
181,2018-12-14,14.8,15.43,14.3,15.22,15.22,4102300
182,2018-12-17,14.93,14.941,14.22,14.28,14.28,3110000
183,2018-12-18,14.48,14.8,14.3,14.72,14.72,3046800
184,2018-12-19,14.8,15.17,14.5,14.55,14.55,3241400
185,2018-12-20,15.18,15.23,14.05,14.63,14.63,7514500
186,2018-12-21,15.18,15.5,13.16,13.3,13.3,13876800
187,2018-12-24,13.04,13.83,12.66,13.71,13.71,4584300
188,2018-12-26,13.78,13.96,13.27,13.85,13.85,3562200
189,2018-12-27,13.41,14.2,13.33,14.08,14.08,2181400
190,2018-12-28,14.04,14.42,13.81,14.37,14.37,2762100
191,2018-12-31,14.57,15.0,14.4,14.59,14.59,2914100
192,2019-01-02,14.0,14.63,13.98,14.28,14.28,1902100
193,2019-01-03,14.19,14.2,12.85,12.95,12.95,5039100
194,2019-01-04,13.45,13.89,13.4,13.7,13.7,2971900
195,2019-01-07,13.94,14.37,13.74,14.27,14.27,2358000
196,2019-01-08,14.515,15.1,14.4,14.78,14.78,4795200
197,2019-01-09,14.04,16.370001000000002,14.01,15.75,15.75,7953100
198,2019-01-10,15.4,16.6,15.3,16.26,16.26,5974600
199,2019-01-11,16.02,16.09,15.29,15.36,15.36,4050200
200,2019-01-14,15.2,15.37,14.71,15.06,15.06,2387300
201,2019-01-15,15.33,15.8,15.23,15.51,15.51,3143300
202,2019-01-16,15.77,16.15,15.56,16.030001000000002,16.030001000000002,4317900
203,2019-01-17,15.9,16.82,15.75,16.530001000000002,16.530001000000002,3893900
204,2019-01-18,16.860001,17.09,16.6,16.709999,16.709999,3635100
205,2019-01-22,16.16,16.190001000000002,15.75,15.93,15.93,4492900
206,2019-01-23,16.190001000000002,16.370001000000002,15.84,15.95,15.95,3083100
207,2019-01-24,16.09,17.18,16.0,16.889999,16.889999,4376000
208,2019-01-25,17.219998999999998,17.5,16.969998999999998,17.440001000000002,17.440001000000002,3764300
209,2019-01-28,17.139999,18.16,16.799999,17.98,17.98,4097100
210,2019-01-29,17.99,18.379998999999998,17.67,17.84,17.84,6344300
211,2019-01-30,18.190001000000002,18.299999,17.68,17.76,17.76,2807300
212,2019-01-31,18.280001000000002,18.459999,17.959999,18.41,18.41,5100000
213,2019-02-01,18.299999,18.610001,17.75,17.83,17.83,3082300
214,2019-02-04,17.889999,18.049999,17.469998999999998,17.700001,17.700001,2415500
215,2019-02-05,17.76,18.434998999999998,17.66,18.209999,18.209999,2056400
216,2019-02-06,18.190001000000002,18.48,18.07,18.209999,18.209999,2865400
217,2019-02-07,17.99,18.065001000000002,16.99,17.18,17.18,4054700
218,2019-02-08,16.99,17.65,16.43,17.459999,17.459999,1702700
219,2019-02-11,17.825001,17.950001,17.15,17.290001,17.290001,2375000
220,2019-02-12,17.51,18.209999,17.51,17.860001,17.860001,3905300
221,2019-02-13,18.110001,18.5,17.964001,18.200001,18.200001,2499700
222,2019-02-14,18.82,19.200001,18.379998999999998,18.92,18.92,6906900
223,2019-02-15,18.5,18.51,17.719998999999998,17.74,17.74,6522000
224,2019-02-19,17.809998999999998,18.219998999999998,17.77,17.799999,17.799999,3313400
225,2019-02-20,18.030001000000002,18.75,18.02,18.309998999999998,18.309998999999998,5234800
226,2019-02-21,18.459999,18.68,17.93,18.139999,18.139999,3018500
227,2019-02-22,18.450001,19.549999,18.424999,19.48,19.48,7639100
228,2019-02-25,20.5,21.0,19.559998999999998,20.26,20.26,8690200
229,2019-02-26,19.67,19.98,19.049999,19.73,19.73,4507000
230,2019-02-27,19.99,20.049999,19.43,19.860001,19.860001,5961000
231,2019-02-28,20.9,21.5,18.540001,18.98,18.98,17474500
232,2019-03-01,19.110001,19.200001,17.92,17.98,17.98,9815700
233,2019-03-04,17.629998999999998,19.0,17.57,18.82,18.82,10394200
234,2019-03-05,18.66,19.32,18.268998999999997,19.139999,19.139999,4526000
235,2019-03-06,19.0,19.129998999999998,18.514999,18.66,18.66,4299400
236,2019-03-07,18.4,18.6,17.67,17.799999,17.799999,3948000
237,2019-03-08,17.209999,18.200001,17.15,17.940001000000002,17.940001000000002,3441200
238,2019-03-11,18.120001000000002,18.620001000000002,17.969998999999998,18.6,18.6,4642200
239,2019-03-12,18.709999,19.26,18.629998999999998,18.9,18.9,3295500
240,2019-03-13,18.9,19.1,18.174999,18.200001,18.200001,3825900
241,2019-03-14,18.299999,18.6,18.18,18.5,18.5,1640100
242,2019-03-15,18.59,18.83,18.5,18.709999,18.709999,2184100
243,2019-03-18,18.91,18.950001,18.370001000000002,18.5,18.5,2295800
244,2019-03-19,18.57,19.0,18.450001,18.65,18.65,3482500
245,2019-03-20,18.620001000000002,18.65,17.719998999999998,17.75,17.75,5205700
246,2019-03-21,17.77,18.056998999999998,17.549999,17.709999,17.709999,4727100
247,2019-03-22,17.6,17.690001000000002,17.200001,17.209999,17.209999,4250900
248,2019-03-25,17.110001,17.809998999999998,17.049999,17.59,17.59,1901400
249,2019-03-26,17.65,17.9,17.610001,17.700001,17.700001,2688100
250,2019-03-27,17.709999,17.98,17.5,17.709999,17.709999,5441800
251,2019-03-28,17.75,18.200001,17.67,18.1,18.1,3779300
252,2019-03-29,18.41,18.969998999999998,17.83,18.950001,18.950001,6273500
253,2019-04-01,19.24,19.299999,18.16,18.799999,18.799999,5938400
254,2019-04-02,18.389999,18.59,17.99,18.049999,18.049999,9102700
255,2019-04-03,18.27,18.6,17.98,18.08,18.08,21655200
256,2019-04-04,18.030001000000002,18.190001000000002,16.921,17.23,17.23,11660000
257,2019-04-05,17.389999,18.25,17.24,18.02,18.02,7908800
258,2019-04-08,17.940001000000002,18.135,17.690001000000002,17.91,17.91,5201500
259,2019-04-09,17.92,17.959999,17.77,17.84,17.84,2435300
260,2019-04-10,17.99,17.99,17.42,17.629998999999998,17.629998999999998,2902900
261,2019-04-11,17.5,17.77,17.379998999999998,17.469998999999998,17.469998999999998,3652900
262,2019-04-12,17.82,18.52,17.68,18.32,18.32,7307200
263,2019-04-15,18.08,18.15,16.879998999999998,17.18,17.18,8859100
264,2019-04-16,17.49,17.549999,17.0,17.1,17.1,4515100
265,2019-04-17,17.26,17.299999,16.709999,16.93,16.93,5296400
266,2019-04-18,17.0,17.540001,16.959999,17.450001,17.450001,3426600
267,2019-04-22,17.0,17.75,17.0,17.719998999999998,17.719998999999998,2792600
268,2019-04-23,17.620001000000002,17.99,17.611,17.73,17.73,4245600
269,2019-04-24,17.66,17.889999,17.190001000000002,17.77,17.77,2285000
270,2019-04-25,17.540001,17.65,17.030001000000002,17.49,17.49,2990600
271,2019-04-26,17.469998999999998,17.809998999999998,17.281,17.780001000000002,17.780001000000002,2251800
272,2019-04-29,17.719998999999998,17.85,17.413,17.68,17.68,2642800
273,2019-04-30,17.559998999999998,17.9,17.450001,17.799999,17.799999,3617400
274,2019-05-01,17.9,18.08,17.805,17.83,17.83,2544300
275,2019-05-02,17.799999,18.15,17.514999,17.719998999999998,17.719998999999998,2462900
276,2019-05-03,17.9,18.309998999999998,17.75,18.190001000000002,18.190001000000002,3247500
277,2019-05-06,17.35,17.57,17.030001000000002,17.4,17.4,4826500
278,2019-05-07,17.27,17.6,16.969998999999998,17.09,17.09,3042500
279,2019-05-08,17.08,17.389999,16.799999,17.139999,17.139999,3634400
280,2019-05-09,16.709999,17.17,16.190001000000002,17.139999,17.139999,6096600
281,2019-05-10,17.17,17.5,16.58,17.1,17.1,3930900
282,2019-05-13,16.51,16.65,16.030001000000002,16.209999,16.209999,4672900
283,2019-05-14,16.690001000000002,16.700001,14.82,15.39,15.39,16739100
284,2019-05-15,15.46,15.69,15.19,15.53,15.53,4802100
285,2019-05-16,15.63,15.965,15.501,15.81,15.81,3529900
286,2019-05-17,15.53,15.7,15.25,15.35,15.35,4076700
287,2019-05-20,15.0,15.1,14.43,14.58,14.58,4531100
288,2019-05-21,14.87,15.035,14.64,14.77,14.77,5223500
289,2019-05-22,14.73,14.995,14.45,14.69,14.69,2483000
290,2019-05-23,14.2,14.473,13.83,14.32,14.32,4847400
291,2019-05-24,14.49,14.574,13.99,14.05,14.05,2452900
292,2019-05-28,14.37,14.63,13.98,14.01,14.01,3617400
293,2019-05-29,13.88,14.02,13.655,13.78,13.78,3338000
294,2019-05-30,13.93,14.05,13.82,13.89,13.89,1532700
295,2019-05-31,13.63,13.72,13.3,13.5,13.5,2886300
296,2019-06-03,13.51,13.795,13.23,13.48,13.48,5497300
297,2019-06-04,13.45,14.275,13.27,14.11,14.11,5363800
298,2019-06-05,14.42,14.45,13.48,13.99,13.99,6164700
299,2019-06-06,13.9,14.34,13.73,14.17,14.17,2654300
300,2019-06-07,14.15,15.1,14.1,14.8,14.8,5002000
301,2019-06-10,14.91,15.31,14.88,15.06,15.06,3584400
302,2019-06-11,15.51,15.629,14.545,14.92,14.92,5314200
303,2019-06-12,14.56,14.78,14.41,14.69,14.69,1471300
304,2019-06-13,14.62,14.8,14.25,14.48,14.48,3091900
305,2019-06-14,14.33,14.45,14.01,14.27,14.27,2575900
306,2019-06-17,14.2,14.58,14.19,14.36,14.36,1461100
307,2019-06-18,14.59,15.5,14.5,15.16,15.16,4473100
308,2019-06-19,15.23,15.34,14.95,15.19,15.19,955000
309,2019-06-20,15.57,15.93,15.48,15.58,15.58,3130600
310,2019-06-21,15.34,15.57,15.1,15.44,15.44,2675600
311,2019-06-24,15.44,16.24,15.28,16.07,16.07,3683600
312,2019-06-25,15.88,16.139999,15.47,15.64,15.64,2839100
313,2019-06-26,15.9,16.23,15.9,15.97,15.97,1905400
314,2019-06-27,16.07,16.25,15.94,16.1,16.1,2739800
315,2019-06-28,15.89,16.280001000000002,15.82,16.27,16.27,1853900
316,2019-07-01,16.549999,16.82,16.26,16.48,16.48,4575000
317,2019-07-02,16.42,16.700001,16.25,16.610001,16.610001,2952500
318,2019-07-03,16.6,16.66,16.299999,16.629998999999998,16.629998999999998,1189600
319,2019-07-05,16.52,16.799999,16.4,16.74,16.74,956300
320,2019-07-08,16.5,16.610001,16.4,16.559998999999998,16.559998999999998,1076200
321,2019-07-09,16.299999,16.66,16.183001,16.6,16.6,1391200
322,2019-07-10,16.700001,16.83,16.48,16.59,16.59,2012500
323,2019-07-11,16.65,16.700001,16.33,16.469998999999998,16.469998999999998,1145800
324,2019-07-12,16.6,16.75,16.325001,16.4,16.4,1399700
325,2019-07-15,16.58,16.66,16.405001000000002,16.450001,16.450001,1491300
326,2019-07-16,16.5,16.549999,16.055,16.07,16.07,1327600
327,2019-07-17,16.1,16.1,15.36,15.58,15.58,2816900
328,2019-07-18,15.5,15.625,15.06,15.53,15.53,1997900
329,2019-07-19,15.66,15.8,15.425,15.54,15.54,2031700
330,2019-07-22,15.78,16.24,15.41,15.56,15.56,2589000
331,2019-07-23,15.78,16.18,15.7,15.71,15.71,4330800
332,2019-07-24,15.84,15.95,15.72,15.8,15.8,1909900
333,2019-07-25,15.87,15.99,15.5,15.7,15.7,2056100
334,2019-07-26,15.76,16.200001,15.75,15.96,15.96,1748500
335,2019-07-29,16.0,16.15,15.77,16.129998999999998,16.129998999999998,1537100
336,2019-07-30,15.9,16.030001000000002,15.37,15.49,15.49,2580400
337,2019-07-31,15.5,15.5,14.9,15.15,15.15,3207400
338,2019-08-01,15.25,15.49,14.6,14.75,14.75,2556100
339,2019-08-02,14.7,14.79,14.21,14.72,14.72,2139600
340,2019-08-05,14.2,14.295,13.61,13.81,13.81,7192500
341,2019-08-06,14.26,14.54,13.88,13.95,13.95,4844600
342,2019-08-07,14.16,14.39,13.67,14.04,14.04,4303800
343,2019-08-08,14.19,14.36,13.94,14.19,14.19,2475100
344,2019-08-09,14.09,14.113,13.86,13.91,13.91,2122600
345,2019-08-12,13.75,14.01,13.7,13.84,13.84,1691300
346,2019-08-13,13.88,14.07,13.73,14.01,14.01,4253700
347,2019-08-14,13.7,13.96,13.55,13.81,13.81,2014400
348,2019-08-15,13.92,14.13,13.9,14.01,14.01,1028400
349,2019-08-16,14.29,14.78,14.28,14.52,14.52,2501800
350,2019-08-19,14.85,15.011,14.4,14.5,14.5,3142200
351,2019-08-20,14.42,14.58,14.21,14.31,14.31,1697500
352,2019-08-21,14.5,14.54,14.32,14.41,14.41,1427500
353,2019-08-22,14.56,14.74,14.35,14.7,14.7,2945000
354,2019-08-23,14.58,15.34,14.58,14.7,14.7,4211200
355,2019-08-26,15.12,15.15,14.0,14.5,14.5,7836000
356,2019-08-27,14.31,14.9,13.85,13.92,13.92,6020000
357,2019-08-28,13.81,13.86,13.36,13.53,13.53,4262600
358,2019-08-29,13.75,14.02,13.58,13.7,13.7,2736800
359,2019-08-30,13.75,14.248,13.75,14.05,14.05,2268700
360,2019-09-03,13.81,14.44,13.81,14.16,14.16,2755300
361,2019-09-04,14.32,14.32,13.7,13.77,13.77,4553800
362,2019-09-05,14.0,14.65,14.0,14.59,14.59,7928200
363,2019-09-06,14.7,14.89,14.36,14.46,14.46,3314000
364,2019-09-09,14.48,14.515,14.24,14.34,14.34,1597700
365,2019-09-10,14.27,14.9,14.16,14.87,14.87,3981500
366,2019-09-11,14.98,15.28,14.8,15.21,15.21,4430400
367,2019-09-12,15.3,15.36,14.91,15.14,15.14,3548100
368,2019-09-13,15.2,15.28,14.94,15.06,15.06,1693400
369,2019-09-16,14.9,15.195,14.87,15.0,15.0,2288000
370,2019-09-17,14.91,15.305,14.83,15.24,15.24,1678200
371,2019-09-18,15.24,15.35,14.96,15.21,15.21,1889900
372,2019-09-19,15.24,15.43,15.1,15.1,15.1,1769200
373,2019-09-20,15.09,15.48,15.03,15.26,15.26,2801000
374,2019-09-23,15.24,15.33,14.97,15.1,15.1,1560500
375,2019-09-24,15.1,15.19,14.45,14.6,14.6,3471200
376,2019-09-25,14.52,14.945,14.41,14.89,14.89,2742000
377,2019-09-26,14.94,15.13,14.81,15.02,15.02,1813000
378,2019-09-27,15.05,15.29,14.05,14.33,14.33,3475300
379,2019-09-30,14.47,14.55,14.07,14.12,14.12,1441300
380,2019-10-01,14.14,14.2,13.74,13.8,13.8,2090100
381,2019-10-02,13.69,13.929,13.61,13.8,13.8,1844000
382,2019-10-03,13.85,14.23,13.639,14.22,14.22,1568000
383,2019-10-04,14.17,14.25,13.85,13.92,13.92,1346300
384,2019-10-07,13.88,13.95,13.57,13.64,13.64,2375600
385,2019-10-08,13.57,13.6,13.23,13.44,13.44,2636400
386,2019-10-09,13.78,13.82,13.525,13.79,13.79,1363700
387,2019-10-10,13.81,14.076,13.79,14.01,14.01,1448300
388,2019-10-11,14.56,14.8,14.32,14.37,14.37,2744400
389,2019-10-14,14.26,14.43,14.15,14.35,14.35,989500
390,2019-10-15,14.44,14.63,14.36,14.51,14.51,939100
391,2019-10-16,14.45,14.56,14.1,14.56,14.56,1357800
392,2019-10-17,14.63,14.69,14.3,14.35,14.35,2952600
393,2019-10-18,14.3,14.55,14.25,14.41,14.41,1341100
394,2019-10-21,14.5,14.89,14.47,14.86,14.86,1401400
395,2019-10-22,14.86,14.9,14.56,14.56,14.56,702900
396,2019-10-23,14.55,14.7,14.34,14.42,14.42,1148600
397,2019-10-24,14.5,15.51,14.5,15.26,15.26,4087400
398,2019-10-25,15.1,15.61,15.1,15.52,15.52,1752900
399,2019-10-28,15.56,15.91,15.5,15.72,15.72,2350000
400,2019-10-29,15.6,15.7,15.43,15.57,15.57,1465300
401,2019-10-30,15.51,15.75,15.43,15.71,15.71,2551300
402,2019-10-31,15.69,15.87,15.63,15.79,15.79,2226700
403,2019-11-01,15.98,16.5,15.9,16.459999,16.459999,4874600
404,2019-11-04,16.719998999999998,16.780001000000002,16.299999,16.780001000000002,16.780001000000002,3662000
405,2019-11-05,16.780001000000002,16.780001000000002,16.379998999999998,16.42,16.42,1969800
406,2019-11-06,16.42,16.5,16.285,16.440001000000002,16.440001000000002,1438800
407,2019-11-07,16.610001,16.959999,16.6,16.950001,16.950001,3431000
408,2019-11-08,16.91,16.93,16.41,16.58,16.58,2977500
409,2019-11-11,16.35,16.895,16.299999,16.77,16.77,2018500
410,2019-11-12,16.790001,16.879998999999998,16.475,16.68,16.68,3216000
411,2019-11-13,16.58,17.004998999999998,16.58,16.77,16.77,1926800
412,2019-11-14,16.799999,16.809998999999998,16.200001,16.33,16.33,1653900
413,2019-11-15,16.41,16.719998999999998,16.261,16.709999,16.709999,2565600
414,2019-11-18,17.01,17.01,16.27,16.379998999999998,16.379998999999998,3939200
415,2019-11-19,16.6,16.65,15.18,15.73,15.73,9075000
416,2019-11-20,15.5,16.629998999999998,15.42,16.290001,16.290001,4344600
417,2019-11-21,16.34,17.084999,16.299999,16.92,16.92,3826400
418,2019-11-22,16.93,16.98,16.559998999999998,16.59,16.59,2824300
419,2019-11-25,16.5,16.940001000000002,16.360001,16.809998999999998,16.809998999999998,2032900
420,2019-11-26,16.84,16.99,16.625,16.799999,16.799999,1137900
421,2019-11-27,16.889999,17.299999,16.809998999999998,17.0,17.0,2373000
422,2019-11-29,16.85,17.299999,16.440001000000002,17.280001000000002,17.280001000000002,1324900
423,2019-12-02,17.200001,17.5,17.049999,17.41,17.41,3100100
424,2019-12-03,16.9,17.1,16.469998999999998,16.68,16.68,3037700
425,2019-12-04,16.799999,16.886,16.35,16.42,16.42,1805500
426,2019-12-05,16.540001,17.195,16.450001,16.950001,16.950001,2859100
427,2019-12-06,17.059998999999998,17.24,17.02,17.17,17.17,1687200
428,2019-12-09,17.08,17.389999,16.93,16.99,16.99,2929800
429,2019-12-10,17.110001,17.190001000000002,16.9,16.959999,16.959999,2079200
430,2019-12-11,17.1,17.610001,16.99,17.540001,17.540001,1549000
431,2019-12-12,17.48,17.83,17.4,17.74,17.74,1748000
432,2019-12-13,17.75,18.040001,17.67,17.9,17.9,3535100
433,2019-12-16,18.049999,18.08,17.780001000000002,17.959999,17.959999,1983500
434,2019-12-17,18.059998999999998,18.059998999999998,17.629998999999998,17.85,17.85,3074800
435,2019-12-18,17.860001,17.860001,17.469998999999998,17.690001000000002,17.690001000000002,2692300
436,2019-12-19,17.790001,18.09,17.610001,18.040001,18.040001,2265700
437,2019-12-20,18.09,18.5,17.91,17.940001000000002,17.940001000000002,1994900
438,2019-12-23,18.0,18.5,17.959999,18.42,18.42,1852600
439,2019-12-24,18.440001000000002,18.57,18.334999,18.440001000000002,18.440001000000002,982900
440,2019-12-26,18.450001,18.469,18.24,18.34,18.34,1377500
441,2019-12-27,18.309998999999998,18.4,18.1,18.24,18.24,1753400
442,2019-12-30,18.200001,18.59,18.129998999999998,18.450001,18.450001,3092200
443,2019-12-31,18.549999,19.17,18.475,18.620001000000002,18.620001000000002,2975200
444,2020-01-02,19.469998999999998,21.889999,19.299999,20.950001,20.950001,12629400
445,2020-01-03,20.549999,22.59,20.530001000000002,22.08,22.08,11520900
446,2020-01-06,21.459999,23.450001,21.41,23.209999,23.209999,10695200
447,2020-01-07,23.17,23.205,22.42,23.129998999999998,23.129998999999998,7407000
448,2020-01-08,22.92,23.91,22.190001000000002,23.84,23.84,7880800
449,2020-01-09,24.290001,24.469998999999998,22.870001000000002,23.16,23.16,8422200
450,2020-01-10,22.57,22.59,20.83,21.549999,21.549999,11025500
451,2020-01-13,22.35,22.833,21.85,21.99,21.99,7101800
452,2020-01-14,22.0,23.014999,21.98,22.870001000000002,22.870001000000002,5563700
453,2020-01-15,22.93,23.27,22.76,23.030001000000002,23.030001000000002,4048400
454,2020-01-16,23.58,23.6,22.76,22.969998999999998,22.969998999999998,3051900
455,2020-01-17,23.110001,23.16,22.41,22.799999,22.799999,6592500
456,2020-01-21,22.51,23.25,22.139999,22.610001,22.610001,6813700
457,2020-01-22,22.799999,23.059998999999998,22.530001000000002,22.540001,22.540001,4416400
458,2020-01-23,22.0,22.66,21.75,22.51,22.51,3872300
459,2020-01-24,22.870001000000002,23.083,21.59,21.82,21.82,4052900
460,2020-01-27,20.85,22.469998999999998,20.610001,22.299999,22.299999,4487900
461,2020-01-28,22.610001,22.780001000000002,21.99,22.41,22.41,3137800
462,2020-01-29,22.59,22.610001,22.040001,22.379998999999998,22.379998999999998,2122200
463,2020-01-30,22.08,22.24,20.780001000000002,21.26,21.26,4479900
464,2020-01-31,21.280001000000002,21.700001,21.129998999999998,21.549999,21.549999,4058000
465,2020-02-03,21.549999,23.299999,21.51,23.040001,23.040001,6803200
466,2020-02-04,23.780001000000002,23.98,23.257998999999998,23.58,23.58,4123200
467,2020-02-05,24.1,24.17,22.757998999999998,23.26,23.26,5373400
468,2020-02-06,23.66,26.719998999999998,23.16,26.34,26.34,11637500
469,2020-02-07,26.02,26.219998999999998,24.52,24.99,24.99,7705200
470,2020-02-10,25.889999,26.17,24.83,25.459999,25.459999,8481200
471,2020-02-11,25.76,27.549999,25.76,26.549999,26.549999,9339300
472,2020-02-12,27.549999,28.16,27.059998999999998,27.530001000000002,27.530001000000002,7957300
473,2020-02-13,27.440001000000002,28.540001,27.360001,27.76,27.76,6367200
474,2020-02-14,28.280001000000002,28.950001,27.83,28.690001000000002,28.690001000000002,5147000
475,2020-02-18,29.0,29.004998999999998,26.646,27.129998999999998,27.129998999999998,11429100
476,2020-02-19,27.370001000000002,27.950001,27.370001000000002,27.719998999999998,27.719998999999998,3682500
477,2020-02-20,27.98,28.413,27.0,27.940001000000002,27.940001000000002,4955200
478,2020-02-21,27.99,27.99,26.719998999999998,26.879998999999998,26.879998999999998,5892300
479,2020-02-24,25.705,27.142,25.280001000000002,26.92,26.92,6715300
480,2020-02-25,27.6,27.98,26.580999,26.719998999999998,26.719998999999998,8947200
481,2020-02-26,27.6,29.280001000000002,27.07,27.57,27.57,11267300
482,2020-02-27,27.0,27.290001,25.754998999999998,26.629998999999998,26.629998999999998,5991100
483,2020-02-28,25.5,26.15,24.559998999999998,25.68,25.68,8608400
484,2020-03-02,26.48,27.25,25.860001,27.23,27.23,6444500
485,2020-03-03,27.42,27.57,25.85,26.24,26.24,5497100
486,2020-03-04,26.77,27.57,26.719998999999998,27.549999,27.549999,4342800
487,2020-03-05,27.110001,28.27,27.07,28.110001,28.110001,5839200
488,2020-03-06,27.25,27.870001000000002,25.93,26.68,26.68,6600700
489,2020-03-09,24.76,25.98,23.700001,25.120001000000002,25.120001000000002,6248200
490,2020-03-10,26.209999,26.6,25.115,26.0,26.0,4025300
491,2020-03-11,25.450001,26.709999,25.16,25.67,25.67,4800500
492,2020-03-12,23.98,24.25,22.84,23.799999,23.799999,8105200
493,2020-03-13,25.0,25.4,22.23,23.370001000000002,23.370001000000002,6556800
494,2020-03-16,21.110001,23.16,20.0,22.16,22.16,4817700
495,2020-03-17,23.049999,24.76,21.295,24.35,24.35,7198800
496,2020-03-18,22.040001,23.9,19.25,21.01,21.01,13855400
497,2020-03-19,21.299999,21.950001,20.0,20.84,20.84,7021900
498,2020-03-20,21.799999,21.93,20.0,20.190001000000002,20.190001000000002,5957000
499,2020-03-23,20.0,20.559998999999998,19.450001,20.26,20.26,5392500
500,2020-03-24,21.35,22.815001000000002,21.129998999999998,22.200001,22.200001,7557700
501,2020-03-25,22.620001000000002,23.98,22.5,22.870001000000002,22.870001000000002,6298100
502,2020-03-26,23.07,23.84,22.66,23.040001,23.040001,3560800
503,2020-03-27,22.17,22.799999,22.049999,22.110001,22.110001,3315400
504,2020-03-30,22.4,23.25,22.15,22.959999,22.959999,3996300
505,2020-03-31,22.91,24.75,22.51,23.42,23.42,5230200
506,2020-04-01,23.110001,24.85,23.110001,24.059998999999998,24.059998999999998,3789900
507,2020-04-02,23.98,24.58,23.24,24.42,24.42,4885000
508,2020-04-03,24.309998999999998,24.700001,23.610001,24.110001,24.110001,3329300
509,2020-04-06,24.91,25.584999,24.719998999999998,25.559998999999998,25.559998999999998,3811900
510,2020-04-07,26.110001,26.9,25.540001,26.49,26.49,5859400
511,2020-04-08,25.84,26.5,24.4,26.200001,26.200001,5526400
512,2020-04-09,27.85,29.74,26.299999,26.83,26.83,10328500
513,2020-04-13,27.030001000000002,27.120001000000002,25.809998999999998,26.209999,26.209999,5070400
514,2020-04-14,27.0,27.870001000000002,26.790001,27.48,27.48,6749700
515,2020-04-15,27.0,28.450001,26.82,28.1,28.1,3114800
516,2020-04-16,28.379998999999998,29.42,28.045,28.780001000000002,28.780001000000002,4294300
517,2020-04-17,29.299999,29.700001,28.370001000000002,29.0,29.0,4889200
518,2020-04-20,28.690001000000002,30.299999,28.440001000000002,29.68,29.68,4052100
519,2020-04-21,29.219998999999998,29.940001000000002,27.92,28.57,28.57,4705500
520,2020-04-22,29.23,30.5,29.200001,30.200001,30.200001,3681100
521,2020-04-23,29.959999,30.01,27.5,28.01,28.01,9417400
522,2020-04-24,27.99,27.99,27.32,27.74,27.74,6468100
523,2020-04-27,28.33,28.341,27.59,27.709999,27.709999,5371900
524,2020-04-28,28.08,28.1,26.610001,26.959999,26.959999,4211400
525,2020-04-29,27.549999,27.959999,27.209999,27.76,27.76,2745700
526,2020-04-30,27.540001,28.305,27.09,27.389999,27.389999,3365700
527,2020-05-01,26.58,26.85,25.0,25.139999,25.139999,7351500
528,2020-05-04,26.360001,27.1,26.045,26.530001000000002,26.530001000000002,5052200
529,2020-05-05,27.280001000000002,28.01,27.26,27.51,27.51,3633700
530,2020-05-06,28.030001000000002,28.57,27.91,27.98,27.98,2815400
531,2020-05-07,28.5,28.76,27.889999,28.65,28.65,3880800
532,2020-05-08,28.82,29.84,28.620001000000002,29.0,29.0,3280300
533,2020-05-11,28.76,29.190001000000002,28.08,28.68,28.68,3598300
534,2020-05-12,28.879998999999998,30.129998999999998,28.629998999999998,29.24,29.24,3650300
535,2020-05-13,29.940001000000002,31.17,29.82,30.68,30.68,6841500
536,2020-05-14,30.219998999999998,31.120001000000002,28.65,31.030001000000002,31.030001000000002,5343700
537,2020-05-15,30.24,31.620001000000002,30.1,30.879998999999998,30.879998999999998,5019200
538,2020-05-18,32.0,34.099998,31.860001,33.66,33.66,9193100
539,2020-05-19,33.049999,36.259997999999996,31.360001,35.220001,35.220001,15117100
540,2020-05-20,35.900002,36.470001,32.150002,32.700001,32.700001,11201800
541,2020-05-21,31.93,34.02,31.5,33.93,33.93,7564300
542,2020-05-22,32.400002,33.389998999999996,31.549999,33.040001000000004,33.040001000000004,5388200
543,2020-05-26,33.91,34.700001,33.060001,33.130001,33.130001,3563200
544,2020-05-27,34.080002,34.189999,30.879998999999998,32.299999,32.299999,6215900
545,2020-05-28,31.34,33.02,30.540001,30.74,30.74,8328100
546,2020-05-29,30.860001,32.77,30.440001000000002,32.43,32.43,19147900
547,2020-06-01,32.439999,33.325001,32.32,33.060001,33.060001,4416500
548,2020-06-02,33.389998999999996,34.200001,32.41,34.189999,34.189999,5899000
549,2020-06-03,34.540001000000004,34.540001000000004,33.310001,34.150002,34.150002,4703300
550,2020-06-04,34.200001,34.5,33.280998,33.560001,33.560001,4179300
551,2020-06-05,33.900002,34.540001000000004,33.110001000000004,34.5,34.5,5915000
552,2020-06-08,34.68,35.700001,33.84,34.959998999999996,34.959998999999996,5138300
553,2020-06-09,34.709998999999996,35.088001,33.790001000000004,33.869999,33.869999,3618300
554,2020-06-10,34.119999,35.790001000000004,33.939999,35.48,35.48,4690900
555,2020-06-11,34.110001000000004,35.132,33.584998999999996,33.900002,33.900002,4038800
556,2020-06-12,34.98,36.009997999999996,34.290001000000004,35.869999,35.869999,5585500
557,2020-06-15,35.060001,38.535,35.02,38.209998999999996,38.209998999999996,7566700
558,2020-06-16,39.75,40.0,38.330002,39.34,39.34,6391300
559,2020-06-17,39.599998,42.0,39.080002,41.110001000000004,41.110001000000004,6371900
560,2020-06-18,41.279999,42.799999,40.700001,42.610001000000004,42.610001000000004,7089000
561,2020-06-19,44.189999,45.950001,43.650002,44.720001,44.720001,15148400
562,2020-06-22,45.0,45.025002,41.540001000000004,42.889998999999996,42.889998999999996,8230800
563,2020-06-23,43.740002000000004,45.34,43.27,44.639998999999996,44.639998999999996,5023900
564,2020-06-24,44.77,44.959998999999996,42.549999,44.029999,44.029999,5074500
565,2020-06-25,43.450001,44.610001000000004,43.450001,44.57,44.57,2616300
566,2020-06-26,44.860001000000004,45.439999,43.639998999999996,44.52,44.52,3748200
567,2020-06-29,44.029999,46.169998,43.59,45.5,45.5,5393800
568,2020-06-30,45.299999,47.919998,45.299999,46.32,46.32,5950800
569,2020-07-01,46.77,47.439999,46.029999,47.150002,47.150002,3578400
570,2020-07-02,48.419998,49.189999,47.810001,48.18,48.18,4361900
571,2020-07-06,51.169998,51.25,43.400002,44.139998999999996,44.139998999999996,22247800
572,2020-07-07,45.09,46.560001,43.5,46.23,46.23,9304900
573,2020-07-08,47.75,48.349998,45.099998,46.669998,46.669998,7152600
574,2020-07-09,49.290001000000004,49.5,46.709998999999996,48.23,48.23,7391500
575,2020-07-10,47.790001000000004,48.209998999999996,46.130001,47.549999,47.549999,4514700
576,2020-07-13,48.191002000000005,49.369999,45.0,45.310001,45.310001,6852100
577,2020-07-14,43.950001,44.130001,41.299999,43.98,43.98,9998200
578,2020-07-15,44.650002,44.669998,42.66,43.220001,43.220001,4293600
579,2020-07-16,40.824001,42.785,40.380001,42.540001000000004,42.540001000000004,9050300
580,2020-07-17,42.254002,42.580002,41.529999,41.900002,41.900002,3440300
581,2020-07-20,42.150002,42.580002,40.810001,42.380001,42.380001,5145900
582,2020-07-21,44.0,45.360001000000004,43.5,44.16,44.16,7570800
583,2020-07-22,43.264,45.0,41.779999,42.310001,42.310001,4857800
584,2020-07-23,43.220001,43.490002000000004,40.615002000000004,41.0,41.0,6635300
585,2020-07-24,39.009997999999996,40.32,38.540001000000004,40.099998,40.099998,5854700
586,2020-07-27,40.080002,41.41,39.66,41.32,41.32,3403800
587,2020-07-28,41.540001000000004,42.630001,40.759997999999996,40.860001000000004,40.860001000000004,2815600
588,2020-07-29,41.349998,42.314999,41.099998,41.77,41.77,3115200
589,2020-07-30,41.380001,42.119999,40.77,41.299999,41.299999,1982600
590,2020-07-31,41.799999,43.650002,41.450001,43.580002,43.580002,5780200
591,2020-08-03,44.785,47.619999,44.41,46.029999,46.029999,8228900
592,2020-08-04,46.0,46.59,44.564999,45.189999,45.189999,4517200
593,2020-08-05,45.950001,46.23,44.939999,45.52,45.52,3714900
594,2020-08-06,46.209998999999996,46.450001,43.439999,44.439999,44.439999,4354700
595,2020-08-07,42.709998999999996,43.200001,40.77,41.610001000000004,41.610001000000004,7229900
596,2020-08-10,42.0,42.064999,40.240002000000004,41.0,41.0,5301600
597,2020-08-11,41.290001000000004,41.43,40.119999,40.34,40.34,3668100
598,2020-08-12,40.73,41.419998,40.284,40.939999,40.939999,2639700
599,2020-08-13,41.599998,42.189999,41.119999,41.75,41.75,3805700
600,2020-08-14,41.939999,42.419998,40.900002,41.580002,41.580002,2892700
601,2020-08-17,42.112,43.599998,41.955002,43.490002000000004,43.490002000000004,2866000
602,2020-08-18,43.810001,45.439999,43.810001,45.310001,45.310001,4733500
603,2020-08-19,44.98,45.799999,44.380001,45.27,45.27,3066000
604,2020-08-20,45.0,45.669998,44.689999,45.07,45.07,2200000
605,2020-08-21,44.57,45.619999,44.549999,44.990002000000004,44.990002000000004,2832100
606,2020-08-24,46.32,48.34,45.634997999999996,46.119999,46.119999,5653000
607,2020-08-25,45.91,47.299999,45.049999,47.0,47.0,5175600
608,2020-08-26,47.290001000000004,49.98,47.235001000000004,48.720001,48.720001,7254100
609,2020-08-27,45.784,46.380001,43.799999,45.139998999999996,45.139998999999996,12618400
610,2020-08-28,45.709998999999996,48.860001000000004,45.509997999999996,47.389998999999996,47.389998999999996,7694100
611,2020-08-31,47.110001000000004,49.889998999999996,46.715,47.25,47.25,7712100
612,2020-09-01,48.380001,52.650002,47.759997999999996,52.25,52.25,10167200
613,2020-09-02,52.997002,54.0,49.599998,50.880001,50.880001,5507200
614,2020-09-03,49.0,49.25,46.509997999999996,47.27,47.27,5698000
615,2020-09-04,46.970001,48.0,43.939999,47.02,47.02,6282200
616,2020-09-08,44.5,45.59,42.919998,44.389998999999996,44.389998999999996,6337100
617,2020-09-09,45.200001,45.549999,44.110001000000004,45.099998,45.099998,2912000
618,2020-09-10,44.919998,45.740002000000004,42.709998999999996,42.970001,42.970001,4391000
619,2020-09-11,43.77,44.439999,42.383998999999996,43.02,43.02,2846700
620,2020-09-14,43.650002,44.639998999999996,43.209998999999996,43.950001,43.950001,3478300
621,2020-09-15,45.0,46.389998999999996,44.900002,45.389998999999996,45.389998999999996,5054500
622,2020-09-16,45.52,45.650002,43.740002000000004,44.150002,44.150002,3187400
623,2020-09-17,42.771,44.23,42.540001000000004,44.220001,44.220001,3493400
624,2020-09-18,44.470001,44.549999,41.639998999999996,43.080002,43.080002,5182500
625,2020-09-21,41.669998,43.130001,41.400002,43.09,43.09,3246900
626,2020-09-22,43.34,43.549999,42.400002,43.310001,43.310001,2941000
627,2020-09-23,43.02,43.150002,41.220001,41.849998,41.849998,2661000
628,2020-09-24,41.43,42.259997999999996,40.400002,41.889998999999996,41.889998999999996,3312600
629,2020-09-25,41.66,42.450001,41.220001,42.200001,42.200001,2577500
630,2020-09-28,42.619999,43.009997999999996,40.889998999999996,41.810001,41.810001,2823900
631,2020-09-29,41.82,41.955002,40.41,40.66,40.66,2846400
632,2020-09-30,40.779999,42.369999,40.610001000000004,41.599998,41.599998,2877000
633,2020-10-01,42.349998,43.02,41.630001,42.509997999999996,42.509997999999996,3063400
634,2020-10-02,41.200001,42.25,41.099998,41.799999,41.799999,1936100
635,2020-10-05,42.5,45.549999,42.400002,45.099998,45.099998,7036100
636,2020-10-06,46.25,48.450001,45.790001000000004,48.169998,48.169998,8172000
637,2020-10-07,48.130001,48.700001,47.470001,47.669998,47.669998,3126300
638,2020-10-08,48.41,48.41,46.0,46.599998,46.599998,2574000
639,2020-10-09,47.259997999999996,48.560001,46.84,48.419998,48.419998,2132100
640,2020-10-12,49.43,49.57,47.465,47.880001,47.880001,3170400
641,2020-10-13,48.57,48.93,46.810001,47.66,47.66,2064300
642,2020-10-14,46.709998999999996,46.799999,43.599998,43.689999,43.689999,8144300
643,2020-10-15,44.169998,44.189999,43.060001,43.759997999999996,43.759997999999996,3621200
644,2020-10-16,44.779999,44.779999,43.25,43.82,43.82,3446700
645,2020-10-19,44.0,45.139998999999996,43.790001000000004,44.0,44.0,4005100
646,2020-10-20,44.25,45.490002000000004,44.066002000000005,45.240002000000004,45.240002000000004,3073100
647,2020-10-21,45.375,45.93,44.650002,45.16,45.16,3502800
648,2020-10-22,45.98,46.07,44.110001000000004,45.299999,45.299999,3560300
649,2020-10-23,45.400002,45.470001,43.93,44.439999,44.439999,4761900
650,2020-10-26,43.779999,45.0,43.73,45.0,45.0,2775300
651,2020-10-27,45.0,45.98,44.669998,45.82,45.82,2791900
652,2020-10-28,45.200001,45.400002,43.610001000000004,44.369999,44.369999,4176600
653,2020-10-29,45.029999,47.369999,44.849998,46.41,46.41,3515900
654,2020-10-30,45.400002,46.689999,44.32,44.669998,44.669998,2884100
655,2020-11-02,45.150002,45.310001,43.209998999999996,44.459998999999996,44.459998999999996,2468300
656,2020-11-03,43.970001,45.130001,42.919998,44.619999,44.619999,1980100
657,2020-11-04,45.580002,48.279999,45.580002,48.16,48.16,6741200
658,2020-11-05,49.0,49.18,44.599998,46.060001,46.060001,8589400
659,2020-11-06,46.049999,48.939999,45.099998,48.869999,48.869999,7054700
660,2020-11-09,49.779999,49.790001000000004,46.009997999999996,46.040001000000004,46.040001000000004,5775800
661,2020-11-10,45.48,45.810001,42.700001,43.700001,43.700001,8128400
662,2020-11-11,44.419998,45.66,43.639998999999996,44.200001,44.200001,5303500
663,2020-11-12,45.540001000000004,46.549999,43.880001,45.900002,45.900002,5024900
664,2020-11-13,46.349998,49.060001,46.220001,48.900002,48.900002,6010400
665,2020-11-16,49.389998999999996,51.0,49.169998,50.049999,50.049999,6925800
666,2020-11-17,50.0,51.099998,49.060001,50.049999,50.049999,3893700
667,2020-11-18,49.650002,49.849998,47.150002,47.849998,47.849998,7235200
668,2020-11-19,49.939999,59.380001,49.400002,58.459998999999996,58.459998999999996,24293000
669,2020-11-20,59.348,61.75,57.779999,60.0,60.0,9657200
670,2020-11-23,61.169998,63.330002,60.32,63.32,63.32,6675200
671,2020-11-24,64.0,64.459999,61.740002000000004,62.84,62.84,4211900
672,2020-11-25,60.720001,62.470001,60.400002,62.009997999999996,62.009997999999996,3245100
673,2020-11-27,63.009997999999996,65.489998,62.299999,64.860001,64.860001,2870400
674,2020-11-30,63.450001,65.040001,61.759997999999996,62.860001000000004,62.860001000000004,4807600
675,2020-12-01,63.5,63.666,60.34,60.82,60.82,3589700
676,2020-12-02,59.07,62.189999,58.560001,61.790001000000004,61.790001000000004,2865600
677,2020-12-03,61.990002000000004,64.599998,61.849998,62.330002,62.330002,2886100
678,2020-12-04,62.66,68.370003,62.650002,67.790001,67.790001,5659300
679,2020-12-07,68.559998,74.0,67.682999,72.550003,72.550003,8277200
680,2020-12-08,72.800003,75.940002,72.720001,75.300003,75.300003,4010400
681,2020-12-09,77.279999,77.93,71.889999,73.059998,73.059998,6385900
682,2020-12-10,72.66999799999999,75.970001,71.922997,75.709999,75.709999,4289000
683,2020-12-11,76.489998,81.980003,75.190002,75.910004,75.910004,9424500
684,2020-12-14,78.405998,80.870003,77.040001,78.199997,78.199997,5022600
685,2020-12-15,80.650002,80.800003,76.0,76.660004,76.660004,3899900
686,2020-12-16,77.970001,81.809998,77.970001,78.83000200000001,78.83000200000001,3695300
687,2020-12-17,79.410004,82.839996,78.599998,82.190002,82.190002,3776100
688,2020-12-18,84.190002,86.599998,83.150002,84.68,84.68,6035900
689,2020-12-21,83.800003,88.870003,83.379997,87.610001,87.610001,7351700
690,2020-12-22,89.620003,90.190002,84.83000200000001,85.879997,85.879997,3543500
691,2020-12-23,87.0,87.260002,81.08000200000001,82.779999,82.779999,4371600
692,2020-12-24,81.709999,83.230003,78.599998,82.010002,82.010002,3531700
693,2020-12-28,82.033997,83.720001,78.879997,81.379997,81.379997,3433100
694,2020-12-29,82.300003,84.540001,81.129997,82.449997,82.449997,3004800
695,2020-12-30,87.07,95.709999,86.779999,94.349998,94.349998,9775600
696,2020-12-31,94.5,94.5,85.089996,85.720001,85.720001,11611900
697,2021-01-04,90.540001,96.18,90.449997,94.739998,94.739998,7914500
698,2021-01-05,97.150002,103.650002,96.199997,102.459999,102.459999,9699100
699,2021-01-06,100.339996,108.050003,98.599998,105.599998,105.599998,8360700
700,2021-01-07,105.599998,112.550003,105.5,111.400002,111.400002,7374200
701,2021-01-08,114.739998,120.800003,113.980003,118.470001,118.470001,9460800
702,2021-01-11,114.389999,116.83000200000001,111.199997,112.470001,112.470001,7728500
703,2021-01-12,118.260002,119.989998,113.599998,115.440002,115.440002,3335900
704,2021-01-13,115.239998,120.93,113.234001,119.309998,119.309998,3608600
705,2021-01-14,121.845001,129.399994,121.309998,123.220001,123.220001,8002000
706,2021-01-15,125.470001,126.709999,120.0,122.629997,122.629997,4512800
707,2021-01-19,127.690002,134.279999,126.370003,127.879997,127.879997,7757100
708,2021-01-20,134.300003,137.347,127.33000200000001,127.800003,127.800003,6129800
709,2021-01-21,129.149994,130.5,121.764999,123.879997,123.879997,5942300
710,2021-01-22,123.470001,134.070007,122.800003,133.75,133.75,6792900
711,2021-01-25,142.550003,144.46000700000002,129.429993,134.270004,134.270004,8581200
712,2021-01-26,134.869995,134.869995,124.660004,126.0,126.0,5582600
713,2021-01-27,122.16999799999999,125.07,116.339996,120.43,120.43,7901400
714,2021-01-28,119.110001,124.800003,116.889,119.0,119.0,8159400
715,2021-01-29,118.379997,119.875,113.33000200000001,113.889999,113.889999,9860000
716,2021-02-01,120.980003,122.329002,116.809998,121.639999,121.639999,8453000
717,2021-02-02,120.980003,131.990005,123.0,129.979996,129.979996,6234415
